{
  "urls": [
    "ch3.mp3",
    "ch3.ogg",
    "ch3.m4a"
  ],
  "sprite": {
    "silence": [
      0,
      1000,
      true
    ],
    "BetMax": [
      1050,
      1640.3628117913834
    ],
    "SpinLoop": [
      3100,
      7158.004535147393
    ]
  }
}