{
  "urls": [
    "ch7.mp3",
    "ch7.ogg",
    "ch7.m4a"
  ],
  "sprite": {
    "silence": [
      0,
      1000,
      true
    ],
    "PickerExplosion_2": [
      1050,
      2400.0000000000005
    ],
    "Reveal01": [
      4100.000000000001,
      1139.6145124716552
    ]
  }
}