{
  "urls": [
    "ch6.mp3",
    "ch6.ogg",
    "ch6.m4a"
  ],
  "sprite": {
    "silence": [
      0,
      1000,
      true
    ],
    "BuyButton": [
      1050,
      3145.3741496598645
    ],
    "LoseLife": [
      5100.000000000001,
      2837.4829931972786
    ],
    "Match3": [
      8150,
      2878.004535147392
    ]
  }
}