{
  "urls": [
    "ch9.mp3",
    "ch9.ogg",
    "ch9.m4a"
  ],
  "sprite": {
    "silence": [
      0,
      1000,
      true
    ],
    "NewWheel": [
      1050,
      4116.145124716553
    ],
    "Reveal03": [
      6100,
      1424.6485260770978
    ]
  }
}