{
  "urls": [
    "ch1.mp3",
    "ch1.ogg",
    "ch1.m4a"
  ],
  "sprite": {
    "silence": [
      0,
      1000,
      true
    ],
    "BetDown": [
      1050,
      1276.1451247165535
    ],
    "Match": [
      3100,
      2280.2721088435374
    ],
    "Match1": [
      6150,
      2389.3424036281185
    ],
    "MusicTermLose": [
      9200.000000000002,
      6200.000000000001
    ],
    "MusicTermWin": [
      16250.000000000004,
      5718.276643990929
    ]
  }
}