{
  "urls": [
    "ch12.mp3",
    "ch12.ogg",
    "ch12.m4a"
  ],
  "sprite": {
    "silence": [
      0,
      1000,
      true
    ],
    "AdvanceArrowWon": [
      1050,
      6195.056689342404
    ],
    "BonusTriggered": [
      8100,
      6720.000000000001
    ]
  }
}