{
  "urls": [
    "ch2.mp3",
    "ch2.ogg",
    "ch2.m4a"
  ],
  "sprite": {
    "silence": [
      0,
      1000,
      true
    ],
    "BetUp": [
      1050,
      990.1587301587302
    ],
    "BonusWin": [
      2100,
      3584.0362811791383
    ],
    "Match2": [
      6150,
      2382.3809523809523
    ]
  }
}