{
  "urls": [
    "ch4.mp3",
    "ch4.ogg",
    "ch4.m4a"
  ],
  "sprite": {
    "silence": [
      0,
      1000,
      true
    ],
    "Click": [
      1050,
      1038.2539682539684
    ],
    "Reveal_ButtonTap": [
      3100.0000000000005,
      2134.671201814059
    ]
  }
}